{
  "timestamp": "2025-07-30 16:41:31.361363",
  "total_pokemon": 151,
  "downloaded": 66,
  "failed": 85,
  "coverage_percent": 43.70860927152318,
  "total_size_mb": 6.5
}