{
  "timestamp": "2025-07-29 16:45:16.945473",
  "total_pokemon": 151,
  "downloaded": 45,
  "failed": 106,
  "coverage_percent": 29.80132450331126,
  "total_size_mb": 6.39
}